model_name,dataset,model_type,attack,clean_acc,adv_acc,dropped_percentage,attack_time,num_samples
cifar10_resnet20,CIFAR10,Original,FGSM,92.0,49.0,46.7,0.5,100
cifar10_resnet20,CIFAR10,Original,PGD,92.0,44.0,52.2,6.4,100
cifar10_resnet20,CIFAR10,Original,BIM,92.0,44.0,52.2,4.8,100
cifar10_resnet20,CIFAR10,Original,MEA,92.0,45.0,51.1,12.2,100
cifar10_resnet20,CIFAR10,Original,WEA,92.0,45.0,51.1,12.3,100
cifar10_resnet20,CIFAR10,Distilled,FGSM,82.0,43.0,47.6,0.5,100
cifar10_resnet20,CIFAR10,Distilled,PGD,82.0,37.0,54.9,7.3,100
cifar10_resnet20,CIFAR10,Distilled,BIM,82.0,37.0,54.9,5.0,100
cifar10_resnet20,CIFAR10,Distilled,MEA,82.0,39.0,52.4,14.3,100
cifar10_resnet20,CIFAR10,Distilled,WEA,82.0,40.0,51.2,12.5,100
cifar10_resnet32,CIFAR10,Original,FGSM,95.0,47.0,50.5,0.9,100
cifar10_resnet32,CIFAR10,Original,PGD,95.0,42.0,55.8,12.3,100
cifar10_resnet32,CIFAR10,Original,BIM,95.0,42.0,55.8,8.0,100
cifar10_resnet32,CIFAR10,Original,MEA,95.0,42.0,55.8,20.8,100
cifar10_resnet32,CIFAR10,Original,WEA,95.0,43.0,54.7,21.7,100
cifar10_resnet32,CIFAR10,Distilled,FGSM,79.0,42.0,46.8,1.9,100
cifar10_resnet32,CIFAR10,Distilled,PGD,79.0,40.0,49.4,12.0,100
cifar10_resnet32,CIFAR10,Distilled,BIM,79.0,40.0,49.4,7.6,100
cifar10_resnet32,CIFAR10,Distilled,MEA,79.0,40.0,49.4,23.2,100
cifar10_resnet32,CIFAR10,Distilled,WEA,79.0,40.0,49.4,25.0,100
cifar10_resnet44,CIFAR10,Original,FGSM,93.0,52.0,44.1,1.1,100
cifar10_resnet44,CIFAR10,Original,PGD,93.0,49.0,47.3,16.2,100
cifar10_resnet44,CIFAR10,Original,BIM,93.0,49.0,47.3,13.3,100
cifar10_resnet44,CIFAR10,Original,MEA,93.0,49.0,47.3,28.0,100
cifar10_resnet44,CIFAR10,Original,WEA,93.0,50.0,46.2,27.6,100
cifar10_resnet44,CIFAR10,Distilled,FGSM,79.0,45.0,43.0,1.3,100
cifar10_resnet44,CIFAR10,Distilled,PGD,79.0,40.0,49.4,15.9,100
cifar10_resnet44,CIFAR10,Distilled,BIM,79.0,40.0,49.4,11.6,100
cifar10_resnet44,CIFAR10,Distilled,MEA,79.0,42.0,46.8,76.4,100
cifar10_resnet44,CIFAR10,Distilled,WEA,79.0,42.0,46.8,60.8,100
cifar10_resnet56,CIFAR10,Original,FGSM,96.0,56.0,41.7,3.2,100
cifar10_resnet56,CIFAR10,Original,PGD,96.0,53.0,44.8,33.7,100
cifar10_resnet56,CIFAR10,Original,BIM,96.0,53.0,44.8,14.3,100
cifar10_resnet56,CIFAR10,Original,MEA,96.0,55.0,42.7,34.6,100
cifar10_resnet56,CIFAR10,Original,WEA,96.0,55.0,42.7,34.8,100
cifar10_resnet56,CIFAR10,Distilled,FGSM,83.0,52.0,37.3,1.5,100
cifar10_resnet56,CIFAR10,Distilled,PGD,83.0,49.0,41.0,20.6,100
cifar10_resnet56,CIFAR10,Distilled,BIM,83.0,49.0,41.0,14.2,100
cifar10_resnet56,CIFAR10,Distilled,MEA,83.0,49.0,41.0,34.3,100
cifar10_resnet56,CIFAR10,Distilled,WEA,83.0,50.0,39.8,38.6,100
cifar10_mobilenetv2_x1_4,CIFAR10,Original,FGSM,91.0,53.0,41.8,3.7,100
cifar10_mobilenetv2_x1_4,CIFAR10,Original,PGD,91.0,52.0,42.9,50.6,100
cifar10_mobilenetv2_x1_4,CIFAR10,Original,BIM,91.0,52.0,42.9,34.6,100
cifar10_mobilenetv2_x1_4,CIFAR10,Original,MEA,91.0,52.0,42.9,93.7,100
cifar10_mobilenetv2_x1_4,CIFAR10,Original,WEA,91.0,52.0,42.9,86.2,100
cifar10_mobilenetv2_x1_4,CIFAR10,Distilled,FGSM,88.0,57.0,35.2,3.3,100
cifar10_mobilenetv2_x1_4,CIFAR10,Distilled,PGD,88.0,54.0,38.6,52.4,100
cifar10_mobilenetv2_x1_4,CIFAR10,Distilled,BIM,88.0,54.0,38.6,31.3,100
cifar10_mobilenetv2_x1_4,CIFAR10,Distilled,MEA,88.0,55.0,37.5,90.1,100
cifar10_mobilenetv2_x1_4,CIFAR10,Distilled,WEA,88.0,56.0,36.4,83.3,100
cifar10_vgg16_bn,CIFAR10,Original,FGSM,95.0,59.0,37.9,4.0,100
cifar10_vgg16_bn,CIFAR10,Original,PGD,95.0,57.0,40.0,45.2,100
cifar10_vgg16_bn,CIFAR10,Original,BIM,95.0,57.0,40.0,31.3,100
cifar10_vgg16_bn,CIFAR10,Original,MEA,95.0,57.0,40.0,78.3,100
cifar10_vgg16_bn,CIFAR10,Original,WEA,95.0,57.0,40.0,76.3,100
cifar10_vgg16_bn,CIFAR10,Distilled,FGSM,84.0,39.0,53.6,2.7,100
cifar10_vgg16_bn,CIFAR10,Distilled,PGD,84.0,38.0,54.8,38.9,100
cifar10_vgg16_bn,CIFAR10,Distilled,BIM,84.0,38.0,54.8,39.1,100
cifar10_vgg16_bn,CIFAR10,Distilled,MEA,84.0,38.0,54.8,69.9,100
cifar10_vgg16_bn,CIFAR10,Distilled,WEA,84.0,39.0,53.6,72.5,100
cifar10_vgg11_bn,CIFAR10,Original,FGSM,94.0,50.0,46.8,1.5,100
cifar10_vgg11_bn,CIFAR10,Original,PGD,94.0,47.0,50.0,23.5,100
cifar10_vgg11_bn,CIFAR10,Original,BIM,94.0,47.0,50.0,18.8,100
cifar10_vgg11_bn,CIFAR10,Original,MEA,94.0,49.0,47.9,38.7,100
cifar10_vgg11_bn,CIFAR10,Original,WEA,94.0,49.0,47.9,45.4,100
cifar10_vgg11_bn,CIFAR10,Distilled,FGSM,83.0,45.0,45.8,2.7,100
cifar10_vgg11_bn,CIFAR10,Distilled,PGD,83.0,44.0,47.0,21.5,100
cifar10_vgg11_bn,CIFAR10,Distilled,BIM,83.0,44.0,47.0,17.3,100
cifar10_vgg11_bn,CIFAR10,Distilled,MEA,83.0,44.0,47.0,39.6,100
cifar10_vgg11_bn,CIFAR10,Distilled,WEA,83.0,44.0,47.0,46.2,100
